x,y,theta,speed,lookahead_distance,p_gain,i_gain,path_p_gain,path_i_gain,distance_threshold,angle_threshold
-1.562,-3.112,-3.141592653589793,1.0,0.21213203435596426,1.0,0.05,0.009999999999999998,0.05,0.1,0.05
-1.5665701322089014,-3.0964077842284543,-3.141592653589793,1.0,0.21213203435596426,1.0,0.05,0.009999999999999998,0.05,0.0,0.0
-1.5711402644178027,-3.0808155684569085,-3.141592653589793,1.0,0.21213203435596426,1.0,0.05,0.009999999999999998,0.05,0.0,0.0
-1.575710396626704,-3.065223352685363,-3.141592653589793,1.0,0.21213203435596426,1.0,0.05,0.009999999999999998,0.05,0.0,0.0
-1.5802805288356054,-3.0496311369138174,-3.141592653589793,1.0,0.21213203435596426,1.0,0.05,0.009999999999999998,0.05,0.0,0.0
-1.5848506610445068,-3.0340389211422716,-3.141592653589793,1.0,0.21213203435596426,1.0,0.05,0.009999999999999998,0.05,0.0,0.0
-1.589420793253408,-3.018446705370726,-3.141592653589793,1.0,0.21213203435596426,1.0,0.05,0.009999999999999998,0.05,0.0,0.0
-1.5939909254623092,-3.00285448959918,-3.141592653589793,1.0,0.21213203435596426,1.0,0.05,0.009999999999999998,0.05,0.0,0.0
-1.5985610576712106,-2.987262273827634,-3.141592653589793,1.0,0.21213203435596426,1.0,0.05,0.009999999999999998,0.05,0.0,0.0
-1.603131189880112,-2.971670058056089,-3.141592653589793,1.0,0.21213203435596426,1.0,0.05,0.009999999999999998,0.05,0.0,0.0
-1.6077013220890133,-2.956077842284543,-3.141592653589793,1.0,0.21213203435596426,1.0,0.05,0.009999999999999998,0.05,0.0,0.0
-1.6122714542979146,-2.9404856265129973,-3.141592653589793,1.0,0.21213203435596426,1.0,0.05,0.009999999999999998,0.05,0.0,0.0
-1.616841586506816,-2.9248934107414515,-3.141592653589793,1.0,0.21213203435596426,1.0,0.05,0.009999999999999998,0.05,0.0,0.0
-1.6214117187157173,-2.9093011949699057,-3.141592653589793,1.0,0.21213203435596426,1.0,0.05,0.009999999999999998,0.05,0.0,0.0
-1.6259818509246187,-2.8937089791983603,-3.141592653589793,1.0,0.21213203435596426,1.0,0.05,0.009999999999999998,0.05,0.0,0.0
-1.63055198313352,-2.8781167634268146,-3.141592653589793,1.0,0.21213203435596426,1.0,0.05,0.009999999999999998,0.05,0.0,0.0
-1.6351221153424214,-2.8625245476552688,-3.141592653589793,1.0,0.21213203435596426,1.0,0.05,0.009999999999999998,0.05,0.0,0.0
-1.6396922475513227,-2.846932331883723,-3.141592653589793,1.0,0.21213203435596426,1.0,0.05,0.009999999999999998,0.05,0.0,0.0
-1.644262379760224,-2.831340116112177,-3.141592653589793,1.0,0.21213203435596426,1.0,0.05,0.009999999999999998,0.05,0.0,0.0
-1.6488325119691252,-2.8157479003406314,-3.141592653589793,1.0,0.21213203435596426,1.0,0.05,0.009999999999999998,0.05,0.0,0.0
-1.6534026441780265,-2.800155684569086,-3.141592653589793,1.0,0.21213203435596426,1.0,0.05,0.009999999999999998,0.05,0.0,0.0
-1.6579727763869279,-2.7845634687975402,-3.141592653589793,1.0,0.21213203435596426,1.0,0.05,0.009999999999999998,0.05,0.0,0.0
-1.6625429085958292,-2.7689712530259945,-3.141592653589793,1.0,0.21213203435596426,1.0,0.05,0.009999999999999998,0.05,0.0,0.0
-1.6671130408047306,-2.7533790372544487,-3.141592653589793,1.0,0.21213203435596426,1.0,0.05,0.009999999999999998,0.05,0.0,0.0
-1.671683173013632,-2.737786821482903,-3.141592653589793,1.0,0.21213203435596426,1.0,0.05,0.009999999999999998,0.05,0.0,0.0
-1.6762533052225332,-2.7221946057113575,-3.141592653589793,1.0000446113427728,0.2121367660506419,1.0,0.05,0.009999999999999998,0.05,0.0,0.0
-1.6808234374314346,-2.7066023899398117,-3.141592653589793,1.000200988496767,0.2121533513342519,1.0,0.05,0.009999999999999998,0.05,0.0,0.0
-1.685393569640336,-2.691010174168266,-3.141592653589793,1.0006980372602003,0.21220605947217672,1.0,0.05,0.009999999999999998,0.05,0.0,0.0
-1.6899637018492373,-2.67541795839672,-3.141592653589793,1.0021154608957268,0.21235629432702885,1.0,0.05,0.009999999999999998,0.05,0.0,0.0
-1.6945338340581386,-2.6598257426251743,-3.141592653589793,1.0057312192949583,0.21273905346285887,1.0,0.05,0.009999999999999998,0.05,0.0,0.0
-1.6991039662670397,-2.644233526853629,-3.141592653589793,1.0139725216398836,0.21360890307708327,1.0,0.05,0.009999999999999998,0.05,0.0,0.0
-1.703674098475941,-2.628641311082083,-3.141592653589793,1.030742039624004,0.2153680379793626,1.0,0.05,0.009999999999999998,0.05,0.0,0.0
-1.7082442306848424,-2.6130490953105374,-3.141592653589793,1.0611742541555593,0.21852423535388513,1.0,0.05,0.009999999999999998,0.05,0.0,0.0
-1.7128143628937438,-2.5974568795389916,-3.141592653589793,1.1103547261434956,0.22353067502349047,1.0,0.05,0.009999999999999998,0.05,0.0,0.0
-1.7173844951026451,-2.581864663767446,-3.141592653589793,1.1809668549307606,0.2305287584486678,1.0,0.05,0.009999999999999998,0.05,0.0,0.0
-1.7219546273115465,-2.5662724479959005,-3.141592653589793,1.2706838778549174,0.2391250185644975,1.0,0.05,0.009999999999999998,0.05,0.0,0.0
-1.7265247595204478,-2.5506802322243542,-3.141592653589793,1.3708393823765366,0.2483702321272502,1.0,0.05,0.009999999999999998,0.05,0.0,0.0
-1.7310948917293492,-2.535088016452809,-3.141592653589793,1.4676982767002695,0.2569949852653007,1.0,0.05,0.009999999999999998,0.05,0.0,0.0
-1.7356650239382505,-2.519495800681263,-3.141592653589793,1.5462922886661952,0.26378618801972703,1.0,0.05,0.009999999999999998,0.05,0.0,0.0
-1.7402351561471519,-2.5039035849097173,-3.141592653589793,1.5951041871411868,0.26791731638950367,1.0,0.05,0.009999999999999998,0.05,0.0,0.0
-1.7448052883560532,-2.4883113691381715,-3.141592653589793,1.609258625952602,0.26910339679734085,1.0,0.05,0.009999999999999998,0.05,0.0,0.0
-1.7493754205649545,-2.4727191533666257,-3.141592653589793,1.5908269535175188,0.2675578683355964,1.0,0.05,0.009999999999999998,0.05,0.0,0.0
-1.7539455527738559,-2.4571269375950804,-3.141592653589793,1.5466442905655367,0.263816210789726,1.0,0.05,0.009999999999999998,0.05,0.0,0.0
-1.7585156849827572,-2.4415347218235346,-3.141592653589793,1.485264213519116,0.25852831490643385,1.0,0.05,0.009999999999999998,0.05,0.0,0.0
-1.7630858171916584,-2.425942506051989,-3.141592653589793,1.4146275143295266,0.2523058424706584,1.0,0.05,0.009999999999999998,0.05,0.0,0.0
-1.7676559494005597,-2.410350290280443,-3.141592653589793,1.3410836328969824,0.24565985321245348,1.0,0.05,0.009999999999999998,0.05,0.0,0.0
-1.772226081609461,-2.394758074508897,-3.141592653589793,1.2694577069946456,0.23900961657380868,1.0,0.05,0.009999999999999998,0.05,0.0,0.0
-1.7767962138183624,-2.379165858737352,-3.141592653589793,1.2034670535130958,0.23271445466083387,1.0,0.05,0.009999999999999998,0.05,0.0,0.0
-1.7813663460272637,-2.363573642965806,-3.141592653589793,1.1459533527267347,0.2270856685762073,1.0,0.05,0.009999999999999998,0.05,0.0,0.0
-1.785936478236165,-2.3479814271942603,-3.141592653589793,1.0987939925751222,0.22236395765924047,1.0,0.05,0.009999999999999998,0.05,0.0,0.0
-1.77187295647233,-2.395962854388521,-3.141592653589793,1.0626683483480717,0.21867801827267236,1.0,0.05,0.009999999999999998,0.05,0.0,0.0
-1.772786816808725,-2.392993272747105,-3.141592653589793,1.0370258694093804,0.21602352678220516,1.0,0.05,0.009999999999999998,0.05,0.0,0.0
-1.7738044051484025,-2.389962322294644,-3.141592653589793,1.0202571983062925,0.21426986237869097,1.0,0.05,0.009999999999999998,0.05,0.0,0.0
-1.7749228283212726,-2.3868737795398705,-3.141592653589793,1.0102101271947703,0.21321223164669673,1.0,0.05,0.009999999999999998,0.05,0.0,0.0
-1.7761391931572457,-2.3837314209915172,-3.141592653589793,1.0047190209370527,0.21263197300069284,1.0,0.05,0.009999999999999998,0.05,0.0,0.0
-1.7774506064862323,-2.3805390231583186,-3.141592653589793,1.0019912470477408,0.212343132964427,1.0,0.05,0.009999999999999998,0.05,0.0,0.0
-1.7788541751381433,-2.377300362549006,-3.141592653589793,1.0007632648410003,0.21221297537578848,1.0,0.05,0.009999999999999998,0.05,0.0,0.0
-1.7803470059428899,-2.374019215672316,-3.141592653589793,1.0002636891382344,0.21216000096912835,1.0,0.05,0.009999999999999998,0.05,0.0,0.0
-1.7819262057303813,-2.370699359036978,-3.141592653589793,1.0000806775971605,0.2121405913347849,1.0,0.05,0.009999999999999998,0.05,0.0,0.0
-1.7835888813305292,-2.3673445691517276,-3.141592653589793,1.0000207764542866,0.2121342380202755,1.0,0.05,0.009999999999999998,0.05,0.0,0.0
-1.7853321395732433,-2.3639586225252964,-3.141592653589793,1.0000037176118979,0.2121324286678852,1.0,0.05,0.009999999999999998,0.05,0.0,0.0
-1.7871530872884354,-2.360545295666419,-3.141592653589793,1.0,0.21213203435596426,1.0,0.05,0.009999999999999998,0.05,0.0,0.0
-1.7890488313060153,-2.3571083650838296,-3.141592653589793,1.0,0.21213203435596426,1.0,0.05,0.009999999999999998,0.05,0.0,0.0
-1.7910164784558937,-2.353651607286258,-3.141592653589793,1.000001858805949,0.21213223151201635,1.0,0.05,0.009999999999999998,0.05,0.0,0.0
-1.7930531355679815,-2.350178798782441,-3.141592653589793,1.0000103882271434,0.21213313619098137,1.0,0.05,0.009999999999999998,0.05,0.0,0.0
-1.7951559094721894,-2.34669371608111,-3.141592653589793,1.0000403387985803,0.21213631288852014,1.0,0.05,0.009999999999999998,0.05,0.0,0.0
-1.797321906998427,-2.343200135690998,-3.141592653589793,1.0001318445691172,0.21214601812339132,1.0,0.05,0.009999999999999998,0.05,0.0,0.0
-1.7995482349766059,-2.3397018341208384,-3.141592653589793,1.0003816324205002,0.21217250872561816,1.0,0.05,0.009999999999999998,0.05,0.0,0.0
-1.8018320002366357,-2.3362025878793653,-3.141592653589793,1.0009956235238704,0.21223760990591223,1.0,0.05,0.009999999999999998,0.05,0.0,0.0
-1.8041703096084285,-2.332706173475311,-3.141592653589793,1.0023595104685263,0.2123821507826957,1.0,0.05,0.009999999999999998,0.05,0.0,0.0
-1.8065602699218934,-2.3292163674174087,-3.141592653589793,1.0051050635973853,0.21267281881303574,1.0,0.05,0.009999999999999998,0.05,0.0,0.0
-1.8089989880069424,-2.3257369462143926,-3.141592653589793,1.0101285991531463,0.2132036279285406,1.0,0.05,0.009999999999999998,0.05,0.0,0.0
-1.811483570693485,-2.3222716863749953,-3.141592653589793,1.0185129347046902,0.21408662279953658,1.0,0.05,0.009999999999999998,0.05,0.0,0.0
-1.8140111248114326,-2.31882436440795,-3.141592653589793,1.0313341741740358,0.215429890771526,1.0,0.05,0.009999999999999998,0.05,0.0,0.0
-1.8165787571906948,-2.3153987568219896,-3.141592653589793,1.0493969962875611,0.21730822541482467,1.0,0.05,0.009999999999999998,0.05,0.0,0.0
-1.819183574661183,-2.311998640125848,-3.141592653589793,1.0730008408407024,0.21973856702416078,1.0,0.05,0.009999999999999998,0.05,0.0,0.0
-1.8218226840528073,-2.3086277908282575,-3.141592653589793,1.1018462680380234,0.2226725893811608,1.0,0.05,0.009999999999999998,0.05,0.0,0.0
-1.8244931921954792,-2.3052899854379523,-3.141592653589793,1.1351285991531461,0.22601059037552104,1.0,0.05,0.009999999999999998,0.05,0.0,0.0
-1.8271922059191088,-2.3019890004636654,-3.141592653589793,1.1717717302640518,0.22962954483663972,1.0,0.05,0.009999999999999998,0.05,0.0,0.0
-1.829916832053606,-2.2987286124141293,-3.141592653589793,1.2106928438018598,0.2334120347606003,1.0,0.05,0.009999999999999998,0.05,0.0,0.0
-1.832664177428882,-2.2955125977980777,-3.141592653589793,1.2509956235238704,0.23726525885298538,1.0,0.05,0.009999999999999998,0.05,0.0,0.0
-1.835431348874848,-2.2923447331242444,-3.141592653589793,1.2920482990871667,0.24112688248912126,1.0,0.05,0.009999999999999998,0.05,0.0,0.0
-1.8382154532214132,-2.289228794901361,-3.141592653589793,1.3334651779024504,0.24496108467593433,1.0,0.05,0.009999999999999998,0.05,0.0,0.0
-1.8410135972984896,-2.2861685596381633,-3.141592653589793,1.3750403387985801,0.24875050803151355,1.0,0.05,0.009999999999999998,0.05,0.0,0.0
-1.8438228879359873,-2.283167803843382,-3.141592653589793,1.41667705489381,0.25248854918633723,1.0,0.05,0.009999999999999998,0.05,0.0,0.0
-1.8466404319638163,-2.2802303040257517,-3.141592653589793,1.4583351921392822,0.2561739324097354,1.0,0.05,0.009999999999999998,0.05,0.0,0.0
-1.8494633362118882,-2.277359836694005,-3.141592653589793,1.5,0.25980762113533157,1.0,0.05,0.009999999999999998,0.05,0.0,0.0
-1.8522887075101127,-2.2745601783568756,-3.141592653589793,1.5416648078607176,0.263391185034223,1.0,0.05,0.009999999999999998,0.05,0.0,0.0
-1.855113652688401,-2.2718351055230963,-3.141592653589793,1.58332294510619,0.266926080647393,1.0,0.05,0.009999999999999998,0.05,0.0,0.0
-1.8579352785766634,-2.2691883947014,-3.141592653589793,1.6249596612014199,0.2704129892480461,1.0,0.05,0.009999999999999998,0.05,0.0,0.0
-1.8607506920048107,-2.266623822400522,-3.141592653589793,1.6665348220975496,0.2738504464016623,1.0,0.05,0.009999999999999998,0.05,0.0,0.0
-1.8635569998027532,-2.264145165129192,-3.141592653589793,1.707951700912833,0.2772324413575682,1.0,0.05,0.009999999999999998,0.05,0.0,0.0
-1.866351308800402,-2.261756199396147,-3.141592653589793,1.7490043764761296,0.28054446517695875,1.0,0.05,0.009999999999999998,0.05,0.0,0.0
-1.8691307258276673,-2.259460701710117,-3.141592653589793,1.7893071561981404,0.2837583867111531,1.0,0.05,0.009999999999999998,0.05,0.0,0.0
-1.87189235771446,-2.257262448579837,-3.141592653589793,1.8282282697359482,0.2868279486697865,1.0,0.05,0.009999999999999998,0.05,0.0,0.0
-1.8746333112906903,-2.2551652165140403,-3.141592653589793,1.8648714008468539,0.2896881306476129,1.0,0.05,0.009999999999999998,0.05,0.0,0.0
-1.8773506933862691,-2.2531727820214593,-3.141592653589793,1.8981537319619766,0.29226172848713694,1.0,0.05,0.009999999999999998,0.05,0.0,0.0
-1.880041610831107,-2.2512889216108274,-3.141592653589793,1.9269991591592976,0.29447404327405224,1.0,0.05,0.009999999999999998,0.05,0.0,0.0
-1.8827031704551145,-2.2495174117908783,-3.141592653589793,1.9506030037124389,0.2962720627515523,1.0,0.05,0.009999999999999998,0.05,0.0,0.0
-1.8853324790882022,-2.247862029070345,-3.141592653589793,1.9686658258259642,0.2976406594572865,1.0,0.05,0.009999999999999998,0.05,0.0,0.0
-1.8853324790882022,-2.247862029070345,-3.141592653589793,1.98148706529531,0.2986083018576157,1.0,0.05,0.009999999999999998,0.05,0.0,0.0
-1.8918699289213368,-2.2438676605368615,-3.141592653589793,1.9898714008468539,0.2992393908530567,1.0,0.05,0.009999999999999998,0.05,0.0,0.0
-1.8984073787544715,-2.2398732920033777,-3.141592653589793,1.994894936402615,0.29961687558967315,1.0,0.05,0.009999999999999998,0.05,0.0,0.0
-1.904944828587606,-2.2358789234698944,-3.141592653589793,1.997640489531474,0.29982298449070965,1.0,0.05,0.009999999999999998,0.05,0.0,0.0
-1.9114822784207406,-2.231884554936411,-3.141592653589793,1.99900437647613,0.2999253189402753,1.0,0.05,0.009999999999999998,0.05,0.0,0.0
-1.9180197282538753,-2.2278901864029277,-3.141592653589793,1.9996183675795,0.29997137620292624,1.0,0.05,0.009999999999999998,0.05,0.0,0.0
-1.9245571780870099,-2.223895817869444,-3.141592653589793,1.999868155430883,0.2999901114943453,1.0,0.05,0.009999999999999998,0.05,0.0,0.0
-1.9310946279201444,-2.2199014493359606,-3.141592653589793,1.9999596612014199,0.29999697457485114,1.0,0.05,0.009999999999999998,0.05,0.0,0.0
-1.937632077753279,-2.2159070808024772,-3.141592653589793,1.999989611772857,0.2999992208819525,1.0,0.05,0.009999999999999998,0.05,0.0,0.0
-1.9441695275864137,-2.2119127122689934,-3.141592653589793,1.9999981411940513,0.29999986058952144,1.0,0.05,0.009999999999999998,0.05,0.0,0.0
-1.9507069774195482,-2.20791834373551,-3.141592653589793,2.0,0.3,1.0,0.05,0.009999999999999998,0.05,0.0,0.0
-1.9572444272526828,-2.2039239752020268,-3.141592653589793,2.0,0.3,1.0,0.05,0.009999999999999998,0.05,0.0,0.0
-1.9637818770858175,-2.1999296066685434,-3.141592653589793,2.0,0.3,1.0,0.05,0.009999999999999998,0.05,0.0,0.0
-1.970319326918952,-2.1959352381350596,-3.141592653589793,2.0,0.3,1.0,0.05,0.009999999999999998,0.05,0.0,0.0
-1.9768567767520866,-2.1919408696015763,-3.141592653589793,2.0,0.3,1.0,0.05,0.009999999999999998,0.05,0.0,0.0
-1.9833942265852214,-2.187946501068093,-3.141592653589793,2.0,0.3,1.0,0.05,0.009999999999999998,0.05,0.0,0.0
-1.9899316764183559,-2.183952132534609,-3.141592653589793,2.0,0.3,1.0,0.05,0.009999999999999998,0.05,0.0,0.0
-1.9964691262514904,-2.179957764001126,-3.141592653589793,2.0,0.3,1.0,0.05,0.009999999999999998,0.05,0.0,0.0
-2.003006576084625,-2.1759633954676425,-3.141592653589793,1.9999976520345912,0.29999982390254265,1.0,0.05,0.009999999999999998,0.05,0.0,0.0
-2.0095440259177595,-2.171969026934159,-3.141592653589793,1.999986878028872,0.29999901585055117,1.0,0.05,0.009999999999999998,0.05,0.0,0.0
-2.0160814757508945,-2.1679746584006754,-3.141592653589793,1.9999490457281093,0.2999961784052672,1.0,0.05,0.009999999999999998,0.05,0.0,0.0
-2.022618925584029,-2.163980289867192,-3.141592653589793,1.9998334594916418,0.29998750920183975,1.0,0.05,0.009999999999999998,0.05,0.0,0.0
-2.0291563754171635,-2.1599859213337087,-3.141592653589793,1.999517937995158,0.29996384317077635,1.0,0.05,0.009999999999999998,0.05,0.0,0.0
-2.035693825250298,-2.155991552800225,-3.141592653589793,1.9987423702856377,0.2999056629389543,1.0,0.05,0.009999999999999998,0.05,0.0,0.0
-2.0422312750834326,-2.1519971842667416,-3.141592653589793,1.997019565723967,0.29977638408917157,1.0,0.05,0.009999999999999998,0.05,0.0,0.0
-2.048768724916567,-2.1480028157332582,-3.141592653589793,1.9935514986138294,0.2995159719240734,1.0,0.05,0.009999999999999998,0.05,0.0,0.0
-2.0553061747497017,-2.144008447199775,-3.141592653589793,1.9872059800170785,0.2990389090081231,1.0,0.05,0.009999999999999998,0.05,0.0,0.0
-2.0618436245828367,-2.140014078666291,-3.141592653589793,1.9766152403730235,0.2982409861450737,1.0,0.05,0.009999999999999998,0.05,0.0,0.0
-2.068381074415971,-2.136019710132808,-3.141592653589793,1.9604199905170074,0.29701666548068534,1.0,0.05,0.009999999999999998,0.05,0.0,0.0
-2.0749185242491057,-2.1320253415993244,-3.141592653589793,1.9376037941630806,0.29528320429265636,1.0,0.05,0.009999999999999998,0.05,0.0,0.0
-2.0814559740822403,-2.1280309730658407,-3.141592653589793,1.907788411569639,0.2930025230618906,1.0,0.05,0.009999999999999998,0.05,0.0,0.0
-2.087993423915375,-2.1240366045323573,-3.141592653589793,1.8713520824782863,0.29019104691827224,1.0,0.05,0.009999999999999998,0.05,0.0,0.0
-2.0945308737485093,-2.120042235998874,-3.141592653589793,1.8293112431749732,0.28691288911945695,1.0,0.05,0.009999999999999998,0.05,0.0,0.0
-2.101068323581644,-2.1160478674653906,-3.141592653589793,1.7830251828243555,0.2832598334164164,1.0,0.05,0.009999999999999998,0.05,0.0,0.0
-2.107605773414779,-2.112053498931907,-3.141592653589793,1.7338616709871248,0.2793273620582499,1.0,0.05,0.009999999999999998,0.05,0.0,0.0
-2.1141432232479134,-2.1080591303984235,-3.141592653589793,1.682952896601427,0.2751960761839896,1.0,0.05,0.009999999999999998,0.05,0.0,0.0
-2.120680673081048,-2.10406476186494,-3.141592653589793,1.6310968853635788,0.27092316224597895,1.0,0.05,0.009999999999999998,0.05,0.0,0.0
-2.1272181229141824,-2.1000703933314564,-3.141592653589793,1.5787831758781032,0.26654313518549794,1.0,0.05,0.009999999999999998,0.05,0.0,0.0
-2.133755572747317,-2.096076024797973,-3.141592653589793,1.5262779571729217,0.2620734783849397,1.0,0.05,0.009999999999999998,0.05,0.0,0.0
-2.140293022580452,-2.0920816562644897,-3.141592653589793,1.4737220428270783,0.25752182805971713,1.0,0.05,0.009999999999999998,0.05,0.0,0.0
-2.1468304724135865,-2.0880872877310064,-3.141592653589793,1.4212168241218968,0.2528927778436651,1.0,0.05,0.009999999999999998,0.05,0.0,0.0
-2.153367922246721,-2.0840929191975226,-3.141592653589793,1.3689031146364214,0.24819476255279632,1.0,0.05,0.009999999999999998,0.05,0.0,0.0
-2.1599053720798556,-2.0800985506640393,-3.141592653589793,1.3170471033985731,0.24344839217570485,1.0,0.05,0.009999999999999998,0.05,0.0,0.0
-2.16644282191299,-2.076104182130556,-3.141592653589793,1.2661383290128752,0.23869693086753205,1.0,0.05,0.009999999999999998,0.05,0.0,0.0
-2.1729802717461246,-2.072109813597072,-3.141592653589793,1.2169748171756445,0.23401680874010738,1.0,0.05,0.009999999999999998,0.05,0.0,0.0
-2.179517721579259,-2.068115445063589,-3.141592653589793,1.1706887568250268,0.22952340633827784,1.0,0.05,0.009999999999999998,0.05,0.0,0.0
-2.186055171412394,-2.0641210765301055,-3.141592653589793,1.128647917521714,0.22536449651282056,1.0,0.05,0.009999999999999998,0.05,0.0,0.0
-2.1925926212455287,-2.060126707996622,-3.141592653589793,1.0922115884303611,0.22169691355399213,1.0,0.05,0.009999999999999998,0.05,0.0,0.0
-2.199130071078663,-2.0561323394631383,-3.141592653589793,1.0623962058369194,0.21865001546458068,1.0,0.05,0.009999999999999998,0.05,0.0,0.0
-2.2056675209117977,-2.052137970929655,-3.141592653589793,1.0395800094829926,0.21628939046271933,1.0,0.05,0.009999999999999998,0.05,0.0,0.0
-2.2056675209117977,-2.052137970929655,-3.141592653589793,1.0233847596269772,0.2145980293087846,1.0,0.05,0.009999999999999998,0.05,0.0,0.0
-2.2083414259785346,-2.0505421321777937,-3.141592653589793,1.0127940199829215,0.2134847322391732,1.0,0.05,0.009999999999999998,0.05,0.0,0.0
-2.211135553083392,-2.0489476229222547,-3.141592653589793,1.0064485013861708,0.21281490211537746,1.0,0.05,0.009999999999999998,0.05,0.0,0.0
-2.2140451763261306,-2.0473557726593605,-3.141592653589793,1.0029804342760333,0.21244792195364373,1.0,0.05,0.009999999999999998,0.05,0.0,0.0
-2.2170655698065085,-2.045767910885431,-3.141592653589793,1.0012576297143625,0.2122653842178378,1.0,0.05,0.009999999999999998,0.05,0.0,0.0
-2.2201920076242883,-2.044185367096791,-3.141592653589793,1.0004820620048425,0.21218315859233008,1.0,0.05,0.009999999999999998,0.05,0.0,0.0
-2.2234197638792295,-2.0426094707897597,-3.141592653589793,1.0001665405083586,0.212149697908991,1.0,0.05,0.009999999999999998,0.05,0.0,0.0
-2.226744112671095,-2.041041551460662,-3.141592653589793,1.000050954271891,0.2121374388037979,1.0,0.05,0.009999999999999998,0.05,0.0,0.0
-2.2301603280996423,-2.039482938605817,-3.141592653589793,1.0000131219711283,0.21213342614661362,1.0,0.05,0.009999999999999998,0.05,0.0,0.0
-2.2336636842646342,-2.0379349617215485,-3.141592653589793,1.0000023479654092,0.2121322833951575,1.0,0.05,0.009999999999999998,0.05,0.0,0.0
-2.2372494552658293,-2.036398950304178,-3.141592653589793,1.0,0.21213203435596426,1.0,0.05,0.009999999999999998,0.05,0.0,0.0
-2.24091291520299,-2.0348762338500284,-3.141592653589793,1.0,0.21213203435596426,1.0,0.05,0.009999999999999998,0.05,0.0,0.0
-2.2446493381758774,-2.0333681418554206,-3.141592653589793,1.0,0.21213203435596426,1.0,0.05,0.009999999999999998,0.05,0.0,0.0
-2.2484539982842504,-2.0318760038166768,-3.141592653589793,1.000001858805949,0.21213223151201635,1.0,0.05,0.009999999999999998,0.05,0.0,0.0
-2.2523221696278704,-2.0304011492301197,-3.141592653589793,1.0000103882271434,0.21213313619098137,1.0,0.05,0.009999999999999998,0.05,0.0,0.0
-2.256249126306498,-2.0289449075920705,-3.141592653589793,1.0000403387985803,0.21213631288852014,1.0,0.05,0.009999999999999998,0.05,0.0,0.0
-2.2602301424198936,-2.027508608398852,-3.141592653589793,1.0001318445691172,0.21214601812339132,1.0,0.05,0.009999999999999998,0.05,0.0,0.0
-2.2642604920678173,-2.0260935811467853,-3.141592653589793,1.0003816324205002,0.21217250872561816,1.0,0.05,0.009999999999999998,0.05,0.0,0.0
-2.2683354493500305,-2.0247011553321927,-3.141592653589793,1.0009956235238704,0.21223760990591223,1.0,0.05,0.009999999999999998,0.05,0.0,0.0
-2.272450288366294,-2.0233326604513966,-3.141592653589793,1.0023595104685263,0.2123821507826957,1.0,0.05,0.009999999999999998,0.05,0.0,0.0
-2.276600283216368,-2.0219894260007183,-3.141592653589793,1.0051050635973853,0.21267281881303574,1.0,0.05,0.009999999999999998,0.05,0.0,0.0
-2.2807807080000133,-2.020672781476481,-3.141592653589793,1.0101285991531463,0.2132036279285406,1.0,0.05,0.009999999999999998,0.05,0.0,0.0
-2.28498683681699,-2.019384056375006,-3.141592653589793,1.0185129347046902,0.21408662279953658,1.0,0.05,0.009999999999999998,0.05,0.0,0.0
-2.2892139437670584,-2.0181245801926155,-3.141592653589793,1.0313341741740358,0.215429890771526,1.0,0.05,0.009999999999999998,0.05,0.0,0.0
-2.2934573029499807,-2.016895682425631,-3.141592653589793,1.0493969962875611,0.21730822541482467,1.0,0.05,0.009999999999999998,0.05,0.0,0.0
-2.2977121884655163,-2.0156986925703757,-3.141592653589793,1.0730008408407024,0.21973856702416078,1.0,0.05,0.009999999999999998,0.05,0.0,0.0
-2.3019738744134255,-2.01453494012317,-3.141592653589793,1.101864856097512,0.22267446760773457,1.0,0.05,0.009999999999999998,0.05,0.0,0.0
-2.30623763489347,-2.013405754580337,-3.141592653589793,1.1352111423322855,0.22601880763545507,1.0,0.05,0.009999999999999998,0.05,0.0,0.0
-2.31049874400541,-2.0123124654381987,-3.141592653589793,1.1720558614022492,0.22965738342823036,1.0,0.05,0.009999999999999998,0.05,0.0,0.0
-2.3147524758490055,-2.0112564021930766,-3.141592653589793,1.2115482000853306,0.23349447317621863,1.0,0.05,0.009999999999999998,0.05,0.0,0.0
-2.318994104524018,-2.0102388943412928,-3.141592653589793,1.2532983720754072,0.23748352941497505,1.0,0.05,0.009999999999999998,0.05,0.0,0.0
-2.3232189041302074,-2.0092612713791698,-3.141592653589793,1.2976233941385282,0.241646545053377,1.0,0.05,0.009999999999999998,0.05,0.0,0.0
-2.327422148767334,-2.008324862803029,-3.141592653589793,1.3456305245336826,0.24607595088511944,1.0,0.05,0.009999999999999998,0.05,0.0,0.0
-2.3315991125351596,-2.007430998109193,-3.141592653589793,1.3990037945937497,0.2509086900781213,1.0,0.05,0.009999999999999998,0.05,0.0,0.0
-2.335745069533444,-2.0065810067939838,-3.141592653589793,1.4593569163272906,0.2562636557039021,1.0,0.05,0.009999999999999998,0.05,0.0,0.0
-2.339855293861948,-2.0057762183537227,-3.141592653589793,1.5271882209080645,0.26215161632319356,1.0,0.05,0.009999999999999998,0.05,0.0,0.0
-2.3439250596204326,-2.0050179622847324,-3.141592653589793,1.600813251330516,0.2683963418339997,1.0,0.05,0.009999999999999998,0.05,0.0,0.0
-2.3479496409086575,-2.004307568083335,-3.141592653589793,1.675920310024347,0.27462049077061895,1.0,0.05,0.009999999999999998,0.05,0.0,0.0
-2.3519243118263837,-2.0036463652458516,-3.141592653589793,1.7462642243591562,0.280324615573021,1.0,0.05,0.009999999999999998,0.05,0.0,0.0
-2.3558443464733725,-2.0030356832686054,-3.141592653589793,1.8054130275289697,0.28503260557136906,1.0,0.05,0.009999999999999998,0.05,0.0,0.0
-2.3597050189493833,-2.0024768516479177,-3.141592653589793,1.8487575011216197,0.28843385298968094,1.0,0.05,0.009999999999999998,0.05,0.0,0.0
-2.3635016033541776,-2.0019711998801104,-3.141592653589793,1.874774317695733,0.29045626916337675,1.0,0.05,0.009999999999999998,0.05,0.0,0.0
-2.367229373787516,-2.001520057461506,-3.141592653589793,1.8849889745872817,0.29124646582650177,1.0,0.05,0.009999999999999998,0.05,0.0,0.0
-2.3708836043491583,-2.0011247538884263,-3.141592653589793,1.882869055060021,0.2910826471600479,1.0,0.05,0.009999999999999998,0.05,0.0,0.0
-2.3744595691388657,-2.000786618657193,-3.141592653589793,1.8723865661509702,0.2902712446605651,1.0,0.05,0.009999999999999998,0.05,0.0,0.0
-2.3779525422563994,-2.000506981264129,-3.141592653589793,1.8569373055038294,0.28907123472886803,1.0,0.05,0.009999999999999998,0.05,0.0,0.0
-2.3813577978015186,-2.0002871712055557,-3.141592653589793,1.838889812332337,0.28766306950137893,1.0,0.05,0.009999999999999998,0.05,0.0,0.0
-2.384670609873985,-2.000128517977795,-3.141592653589793,1.819640792863732,0.286153517676907,1.0,0.05,0.009999999999999998,0.05,0.0,0.0
-2.3878862525735585,-2.000032351077169,-3.141592653589793,1.7998993312118845,0.2845970307373828,1.0,0.05,0.009999999999999998,0.05,0.0,0.0
-2.391,-2.0,-3.141592653589793,1.7799786609077073,0.28301773750216935,1.0,0.05,0.009999999999999998,0.05,0.0,0.0
-2.391,-2.0,-3.141592653589793,1.7599999999999998,0.28142494558940573,1.0,0.05,0.009999999999999998,0.05,0.0,0.0
-2.3932244897959185,-2.0,-3.141592653589793,1.74,0.2798213715926644,1.0,0.05,0.009999999999999998,0.05,0.0,0.0
-2.3954489795918366,-2.0,-3.141592653589793,1.72,0.2782085548648711,1.0,0.05,0.009999999999999998,0.05,0.0,0.0
-2.397673469387755,-2.0,-3.141592653589793,1.7000000000000002,0.2765863337187866,1.0,0.05,0.009999999999999998,0.05,0.0,0.0
-2.3998979591836735,-2.0,-3.141592653589793,1.6800000000000002,0.2749545416973504,1.0,0.05,0.009999999999999998,0.05,0.0,0.0
-2.402122448979592,-2.0,-3.141592653589793,1.6600000000000001,0.27331300737432895,1.0,0.05,0.009999999999999998,0.05,0.0,0.0
-2.40434693877551,-2.0,-3.141592653589793,1.6400000000000001,0.2716615541441225,1.0,0.05,0.009999999999999998,0.05,0.0,0.0
-2.4065714285714286,-2.0,-3.141592653589793,1.620027659032519,0.2700023049095384,1.0,0.05,0.009999999999999998,0.05,0.0,0.0
-2.408795918367347,-2.0,-3.141592653589793,1.6001273950249926,0.2683388394849405,1.0,0.05,0.009999999999999998,0.05,0.0,0.0
-2.411020408163265,-2.0,-3.141592653589793,1.580448331619904,0.2666836607722634,1.0,0.05,0.009999999999999998,0.05,0.0,0.0
-2.4132448979591836,-2.0,-3.141592653589793,1.5613719626175975,0.26506930851721006,1.0,0.05,0.009999999999999998,0.05,0.0,0.0
-2.415469387755102,-2.0,-3.141592653589793,1.5437506935551621,0.26356931006849466,1.0,0.05,0.009999999999999998,0.05,0.0,0.0
-2.4176938775510206,-2.0,-3.141592653589793,1.5292341695233183,0.2623271576267873,1.0,0.05,0.009999999999999998,0.05,0.0,0.0
-2.4199183673469387,-2.0,-3.141592653589793,1.520550258287726,0.26158127154471067,1.0,0.05,0.009999999999999998,0.05,0.0,0.0
-2.422142857142857,-2.0,-3.141592653589793,1.5214596211521294,0.2616594790024734,1.0,0.05,0.009999999999999998,0.05,0.0,0.0
-2.4243673469387756,-2.0,-3.141592653589793,1.5360609044677513,0.26291203985563083,1.0,0.05,0.009999999999999998,0.05,0.0,0.0
-2.4265918367346937,-2.0,-3.141592653589793,1.5673593719523387,0.265577054238229,1.0,0.05,0.009999999999999998,0.05,0.0,0.0
-2.428816326530612,-2.0,-3.141592653589793,1.6155331316559522,0.2696275040208581,1.0,0.05,0.009999999999999998,0.05,0.0,0.0
-2.4310408163265307,-2.0,-3.141592653589793,1.6768196600930094,0.2746941657629179,1.0,0.05,0.009999999999999998,0.05,0.0,0.0
-2.433265306122449,-2.0,-3.141592653589793,1.7439075985557357,0.2801353992893581,1.0,0.05,0.009999999999999998,0.05,0.0,0.0
-2.4354897959183672,-2.0,-3.141592653589793,1.807962498158493,0.28523378554640433,1.0,0.05,0.009999999999999998,0.05,0.0,0.0
-2.4377142857142857,-2.0,-3.141592653589793,1.8613895241823244,0.2894175678638126,1.0,0.05,0.009999999999999998,0.05,0.0,0.0
-2.439938775510204,-2.0,-3.141592653589793,1.899943273131455,0.2923994652712543,1.0,0.05,0.009999999999999998,0.05,0.0,0.0
-2.4421632653061223,-2.0,-3.141592653589793,1.9232475625150256,0.29418725382513794,1.0,0.05,0.009999999999999998,0.05,0.0,0.0
-2.4443877551020408,-2.0,-3.141592653589793,1.9337995249512518,0.2949931840277099,1.0,0.05,0.009999999999999998,0.05,0.0,0.0
-2.4466122448979593,-2.0,-3.141592653589793,1.9353054794447249,0.2951080252636526,1.0,0.05,0.009999999999999998,0.05,0.0,0.0
-2.4488367346938777,-2.0,-3.141592653589793,1.9312648596068236,0.2947997942372197,1.0,0.05,0.009999999999999998,0.05,0.0,0.0
-2.451061224489796,-2.0,-3.141592653589793,1.9242536398098298,0.2942641904674137,1.0,0.05,0.009999999999999998,0.05,0.0,0.0
-2.4532857142857143,-2.0,-3.141592653589793,1.9158437620164677,0.29362045107713636,1.0,0.05,0.009999999999999998,0.05,0.0,0.0
-2.455510204081633,-2.0,-3.141592653589793,1.9068524935155968,0.2929306440238062,1.0,0.05,0.009999999999999998,0.05,0.0,0.0
-2.457734693877551,-2.0,-3.141592653589793,1.8976472368097528,0.29222273295628265,1.0,0.05,0.009999999999999998,0.05,0.0,0.0
-2.4599591836734693,-2.0,-3.141592653589793,1.888372093023256,0.291507708621996,1.0,0.05,0.009999999999999998,0.05,0.0,0.0
-2.462183673469388,-2.0,-3.141592653589793,1.8790697674418606,0.2907888229194577,1.0,0.05,0.009999999999999998,0.05,0.0,0.0
-2.4644081632653063,-2.0,-3.141592653589793,1.869767441860465,0.2900681555836851,1.0,0.05,0.009999999999999998,0.05,0.0,0.0
-2.4666326530612244,-2.0,-3.141592653589793,1.86046511627907,0.2893456933022473,1.0,0.05,0.009999999999999998,0.05,0.0,0.0
-2.468857142857143,-2.0,-3.141592653589793,1.8511627906976744,0.2886214225960979,1.0,0.05,0.009999999999999998,0.05,0.0,0.0
-2.4710816326530614,-2.0,-3.141592653589793,1.841860465116279,0.28789532981664107,1.0,0.05,0.009999999999999998,0.05,0.0,0.0
-2.4733061224489794,-2.0,-3.141592653589793,1.832558139534884,0.28716740114273026,1.0,0.05,0.009999999999999998,0.05,0.0,0.0
-2.475530612244898,-2.0,-3.141592653589793,1.8232558139534882,0.28643762257759886,1.0,0.05,0.009999999999999998,0.05,0.0,0.0
-2.4777551020408164,-2.0,-3.141592653589793,1.8139534883720931,0.28570597994572006,1.0,0.05,0.009999999999999998,0.05,0.0,0.0
-2.479979591836735,-2.0,-3.141592653589793,1.8046511627906976,0.2849724588895941,1.0,0.05,0.009999999999999998,0.05,0.0,0.0
-2.482204081632653,-2.0,-3.141592653589793,1.7953488372093025,0.28423704486646106,1.0,0.05,0.009999999999999998,0.05,0.0,0.0
-2.4844285714285714,-2.0,-3.141592653589793,1.786046511627907,0.2834997231449368,1.0,0.05,0.009999999999999998,0.05,0.0,0.0
-2.48665306122449,-2.0,-3.141592653589793,1.7767441860465116,0.2827604788015698,1.0,0.05,0.009999999999999998,0.05,0.0,0.0
-2.488877551020408,-2.0,-3.141592653589793,1.7674418604651163,0.28201929671731724,1.0,0.05,0.009999999999999998,0.05,0.0,0.0
-2.4911020408163265,-2.0,-3.141592653589793,1.758139534883721,0.28127616157393687,1.0,0.05,0.009999999999999998,0.05,0.0,0.0
-2.493326530612245,-2.0,-3.141592653589793,1.7488372093023257,0.28053105785029336,1.0,0.05,0.009999999999999998,0.05,0.0,0.0
-2.4955510204081635,-2.0,-3.141592653589793,1.7395348837209303,0.279783969818576,1.0,0.05,0.009999999999999998,0.05,0.0,0.0
-2.4977755102040815,-2.0,-3.141592653589793,1.730232558139535,0.2790348815404251,1.0,0.05,0.009999999999999998,0.05,0.0,0.0
-2.5,-2.0,-3.141592653589793,1.7209302325581395,0.27828377686296457,1.0,0.05,0.009999999999999998,0.05,0.0,0.0
-2.5,-2.0,-3.141592653589793,1.7116279069767442,0.27753063941473827,1.0,0.05,0.009999999999999998,0.05,0.0,0.0
-2.503120088757164,-2.0000182991544304,-3.141592653589793,1.7023255813953488,0.27677545260154607,1.0,0.05,0.009999999999999998,0.05,0.0,0.0
-2.506354581713818,-2.000072695271027,-3.141592653589793,1.6930232558139535,0.2760181996021782,1.0,0.05,0.009999999999999998,0.05,0.0,0.0
-2.509698492367089,-2.000162436329743,-3.141592653589793,1.6837209302325584,0.2752588633640434,1.0,0.05,0.009999999999999998,0.05,0.0,0.0
-2.5131468342141052,-2.0002867703105336,-3.141592653589793,1.6744186046511629,0.27449742659868837,1.0,0.05,0.009999999999999998,0.05,0.0,0.0
-2.516694620751995,-2.000444945193354,-3.141592653589793,1.6651162790697676,0.27373387177720543,1.0,0.05,0.009999999999999998,0.05,0.0,0.0
-2.5203368654778866,-2.0006362089581593,-3.141592653589793,1.655813953488372,0.27296818112552373,1.0,0.05,0.009999999999999998,0.05,0.0,0.0
-2.524068581888909,-2.0008598095849046,-3.141592653589793,1.646511627906977,0.2722003366195824,1.0,0.05,0.009999999999999998,0.05,0.0,0.0
-2.5278847834821883,-2.0011149950535434,-3.141592653589793,1.6372093023255814,0.2714303199803794,1.0,0.05,0.009999999999999998,0.05,0.0,0.0
-2.5317804837548543,-2.0014010133440316,-3.141592653589793,1.627906976744186,0.27065811266889517,1.0,0.05,0.009999999999999998,0.05,0.0,0.0
-2.535750696204034,-2.001717112436324,-3.141592653589793,1.6186046511627907,0.2698836958808842,1.0,0.05,0.009999999999999998,0.05,0.0,0.0
-2.5397904343268576,-2.002062540310376,-3.141592653589793,1.6093023255813954,0.2691070505415322,1.0,0.05,0.009999999999999998,0.05,0.0,0.0
-2.543894711620451,-2.002436544946142,-3.141592653589793,1.6,0.2683281572999747,1.0,0.05,0.009999999999999998,0.05,0.0,0.0
-2.548058541581944,-2.0028383743235767,-3.141592653589793,1.5906976744186045,0.267546996523671,1.0,0.05,0.009999999999999998,0.05,0.0,0.0
-2.5522769377084633,-2.003267276422635,-3.141592653589793,1.5813953488372094,0.26676354829263016,1.0,0.05,0.009999999999999998,0.05,0.0,0.0
-2.5565449134971394,-2.0037224992232727,-3.141592653589793,1.572093023255814,0.2659777923934846,1.0,0.05,0.009999999999999998,0.05,0.0,0.0
-2.5608574824450976,-2.0042032907054437,-3.141592653589793,1.5627906976744186,0.265189708313405,1.0,0.05,0.009999999999999998,0.05,0.0,0.0
-2.5652096580494677,-2.004708898849103,-3.141592653589793,1.5534883720930233,0.26439927523385165,1.0,0.05,0.009999999999999998,0.05,0.0,0.0
-2.569596453807377,-2.005238571634205,-3.141592653589793,1.544186046511628,0.2636064720241581,1.0,0.05,0.009999999999999998,0.05,0.0,0.0
-2.574012883215955,-2.0057915570407063,-3.141592653589793,1.5348837209302328,0.26281127723493997,1.0,0.05,0.009999999999999998,0.05,0.0,0.0
-2.578453959772328,-2.00636710304856,-3.141592653589793,1.525581395348837,0.2620136690913237,1.0,0.05,0.009999999999999998,0.05,0.0,0.0
-2.5829146969736265,-2.0069644576377224,-3.141592653589793,1.516279069767442,0.2612136254859897,1.0,0.05,0.009999999999999998,0.05,0.0,0.0
-2.587390108316977,-2.007582868788148,-3.141592653589793,1.5069767441860464,0.26041112397202254,1.0,0.05,0.009999999999999998,0.05,0.0,0.0
-2.5918752072995077,-2.0082215844797906,-3.141592653589793,1.4976744186046513,0.2596061417555627,1.0,0.05,0.009999999999999998,0.05,0.0,0.0
-2.5963650074183477,-2.0088798526926066,-3.141592653589793,1.4883720930232558,0.25879865568825217,1.0,0.05,0.009999999999999998,0.05,0.0,0.0
-2.6008545221706245,-2.00955692140655,-3.141592653589793,1.4790697674418607,0.25798864225946794,1.0,0.05,0.009999999999999998,0.05,0.0,0.0
-2.605338765053466,-2.0102520386015756,-3.141592653589793,1.4697674418604652,0.2571760775883343,1.0,0.05,0.009999999999999998,0.05,0.0,0.0
-2.609812749564001,-2.0109644522576393,-3.141592653589793,1.46046511627907,0.2563609374155083,1.0,0.05,0.009999999999999998,0.05,0.0,0.0
-2.614271489199357,-2.011693410354695,-3.141592653589793,1.4511627906976745,0.25554319709472867,1.0,0.05,0.009999999999999998,0.05,0.0,0.0
-2.618709997456663,-2.012438160872698,-3.141592653589793,1.441860465116279,0.2547228315841212,1.0,0.05,0.009999999999999998,0.05,0.0,0.0
-2.6231232878330464,-2.0131979517916028,-3.141592653589793,1.432558139534884,0.2538998154372503,1.0,0.05,0.009999999999999998,0.05,0.0,0.0
-2.6275063738256357,-2.013972031091365,-3.141592653589793,1.4232558139534885,0.2530741227939099,1.0,0.05,0.009999999999999998,0.05,0.0,0.0
-2.6318542689315585,-2.0147596467519384,-3.141592653589793,1.413953488372093,0.2522457273706419,1.0,0.05,0.009999999999999998,0.05,0.0,0.0
-2.636161986647944,-2.0155600467532793,-3.141592653589793,1.404651162790698,0.2514146024509742,1.0,0.05,0.009999999999999998,0.05,0.0,0.0
-2.6404245404719204,-2.0163724790753417,-3.141592653589793,1.3953488372093021,0.250580720875367,1.0,0.05,0.009999999999999998,0.05,0.0,0.0
-2.6446369439006148,-2.0171961916980807,-3.141592653589793,1.386046511627907,0.24974405503085717,1.0,0.05,0.009999999999999998,0.05,0.0,0.0
-2.648794210431156,-2.018030432601451,-3.141592653589793,1.3767441860465115,0.2489045768403888,1.0,0.05,0.009999999999999998,0.05,0.0,0.0
-2.6528913535606717,-2.018874449765408,-3.141592653589793,1.3674418604651164,0.24806225775181973,1.0,0.05,0.009999999999999998,0.05,0.0,0.0
-2.656923386786291,-2.019727491169906,-3.141592653589793,1.3581395348837209,0.2472170687265898,1.0,0.05,0.009999999999999998,0.05,0.0,0.0
-2.6608853236051413,-2.0205888047949,-3.141592653589793,1.3488372093023258,0.2463689802280406,1.0,0.05,0.009999999999999998,0.05,0.0,0.0
-2.664772177514351,-2.0214576386203453,-3.141592653589793,1.3395348837209302,0.24551796220937044,1.0,0.05,0.009999999999999998,0.05,0.0,0.0
-2.668578962011048,-2.022333240626197,-3.141592653589793,1.3302325581395351,0.24466398410121395,1.0,0.05,0.009999999999999998,0.05,0.0,0.0
-2.672300690592361,-2.023214858792409,-3.141592653589793,1.3209302325581396,0.2438070147988287,1.0,0.05,0.009999999999999998,0.05,0.0,0.0
-2.6759323767554166,-2.0241017410989364,-3.141592653589793,1.311627906976744,0.24294702264887602,1.0,0.05,0.009999999999999998,0.05,0.0,0.0
-2.6794690339973455,-2.024993135525735,-3.141592653589793,1.302325581395349,0.24208397543577867,1.0,0.05,0.009999999999999998,0.05,0.0,0.0
-2.6829056758152743,-2.0258882900527593,-3.141592653589793,1.2930232558139534,0.24121784036763927,1.0,0.05,0.009999999999999998,0.05,0.0,0.0
-2.6862373157063315,-2.0267864526599637,-3.141592653589793,1.2837209302325583,0.24034858406170218,1.0,0.05,0.009999999999999998,0.05,0.0,0.0
-2.6894589671676448,-2.0276868713273033,-3.141592653589793,1.274418604651163,0.23947617252934023,1.0,0.05,0.009999999999999998,0.05,0.0,0.0
-2.6925656436963434,-2.028588794034733,-3.141592653589793,1.2651162790697674,0.2386005711605476,1.0,0.05,0.009999999999999998,0.05,0.0,0.0
-2.6955523587895542,-2.0294914687622083,-3.141592653589793,1.255813953488372,0.23772174470791843,1.0,0.05,0.009999999999999998,0.05,0.0,0.0
-2.6955523587895542,-2.0294914687622083,-3.141592653589793,1.246511627906977,0.23683965727009057,1.0,0.05,0.009999999999999998,0.05,0.0,0.0
-2.6963144592718264,-2.0297266849604405,-3.141592653589793,1.2372093023255815,0.23595427227463198,1.0,0.05,0.009999999999999998,0.05,0.0,0.0
-2.6970765597540987,-2.0299619011586727,-3.141592653589793,1.227906976744186,0.23506555246034744,1.0,0.05,0.009999999999999998,0.05,0.0,0.0
-2.697838660236371,-2.030197117356905,-3.141592653589793,1.2186046511627908,0.23417345985898055,1.0,0.05,0.009999999999999998,0.05,0.0,0.0
-2.698600760718643,-2.030432333555137,-3.141592653589793,1.2093023255813953,0.23327795577628588,1.0,0.05,0.009999999999999998,0.05,0.0,0.0
-2.6993628612009153,-2.0306675497533693,-3.141592653589793,1.2,0.232379000772445,1.0,0.05,0.009999999999999998,0.05,0.0,0.0
-2.7001249616831875,-2.0309027659516015,-3.141592653589793,1.1906976744186046,0.2314765546417978,1.0,0.05,0.009999999999999998,0.05,0.0,0.0
-2.7008870621654597,-2.031137982149833,-3.141592653589793,1.1813953488372095,0.2305705763918597,1.0,0.05,0.009999999999999998,0.05,0.0,0.0
-2.701649162647732,-2.0313731983480654,-3.141592653589793,1.172093023255814,0.22966102422159407,1.0,0.05,0.009999999999999998,0.05,0.0,0.0
-2.702411263130004,-2.0316084145462976,-3.141592653589793,1.1627906976744187,0.228747855498907,1.0,0.05,0.009999999999999998,0.05,0.0,0.0
-2.7031733636122763,-2.03184363074453,-3.141592653589793,1.1534883720930234,0.22783102673733013,1.0,0.05,0.009999999999999998,0.05,0.0,0.0
-2.7039354640945485,-2.032078846942762,-3.141592653589793,1.1441860465116278,0.22691049357185586,1.0,0.05,0.009999999999999998,0.05,0.0,0.0
-2.7046975645768208,-2.032314063140994,-3.141592653589793,1.1348837209302327,0.2259862107338863,1.0,0.05,0.009999999999999998,0.05,0.0,0.0
-2.7054596650590925,-2.0325492793392264,-3.141592653589793,1.1255813953488372,0.22505813202525624,1.0,0.05,0.009999999999999998,0.05,0.0,0.0
-2.7062217655413647,-2.0327844955374585,-3.141592653589793,1.116279069767442,0.22412621029128854,1.0,0.05,0.009999999999999998,0.05,0.0,0.0
-2.706983866023637,-2.0330197117356907,-3.141592653589793,1.1069767441860465,0.22319039739283605,1.0,0.05,0.009999999999999998,0.05,0.0,0.0
-2.707745966505909,-2.033254927933923,-3.141592653589793,1.0976744186046512,0.2222506441772651,1.0,0.05,0.009999999999999998,0.05,0.0,0.0
-2.7085080669881814,-2.033490144132155,-3.141592653589793,1.088372093023256,0.22130690044832882,1.0,0.05,0.009999999999999998,0.05,0.0,0.0
-2.7092701674704536,-2.0337253603303873,-3.141592653589793,1.0790697674418603,0.22035911493488014,1.0,0.05,0.009999999999999998,0.05,0.0,0.0
-2.710032267952726,-2.033960576528619,-3.141592653589793,1.0697674418604652,0.21940723525836822,1.0,0.05,0.009999999999999998,0.05,0.0,0.0
-2.710794368434998,-2.0341957927268512,-3.141592653589793,1.0604651162790697,0.21845120789905956,1.0,0.05,0.009999999999999998,0.05,0.0,0.0
-2.71155646891727,-2.0344310089250834,-3.141592653589793,1.0511627906976746,0.2174909781609236,1.0,0.05,0.009999999999999998,0.05,0.0,0.0
-2.7123185693995424,-2.0346662251233156,-3.141592653589793,1.041860465116279,0.21652649013511616,1.0,0.05,0.009999999999999998,0.05,0.0,0.0
-2.7130806698818146,-2.034901441321548,-3.141592653589793,1.0325581395348837,0.21555768666199254,1.0,0.05,0.009999999999999998,0.05,0.0,0.0
-2.713842770364087,-2.03513665751978,-3.141592653589793,1.0232558139534884,0.21458450929157719,1.0,0.05,0.009999999999999998,0.05,0.0,0.0
-2.714604870846359,-2.035371873718012,-3.141592653589793,1.0139534883720929,0.21360689824241205,1.0,0.05,0.009999999999999998,0.05,0.0,0.0
-2.7153669713286313,-2.0356070899162444,-3.141592653589793,1.0046511627906978,0.2126247923587026,1.0,0.05,0.009999999999999998,0.05,0.0,0.0
-2.7161290718109035,-2.0358423061144766,-3.141592653589793,0.9953488372093025,0.21163812906567334,1.0,0.05,0.009999999999999998,0.05,0.0,0.0
-2.7168911722931757,-2.0360775223127088,-3.141592653589793,0.986046511627907,0.2106468443230418,1.0,0.05,0.009999999999999998,0.05,0.0,0.0
-2.717653272775448,-2.036312738510941,-3.141592653589793,0.9767441860465117,0.20965087257651235,1.0,0.05,0.009999999999999998,0.05,0.0,0.0
-2.71841537325772,-2.036547954709173,-3.141592653589793,0.9674418604651163,0.20865014670718596,1.0,0.05,0.009999999999999998,0.05,0.0,0.0
-2.7191774737399923,-2.036783170907405,-3.141592653589793,0.958139534883721,0.20764459797877582,1.0,0.05,0.009999999999999998,0.05,0.0,0.0
-2.7199395742222645,-2.037018387105637,-3.141592653589793,0.9488372093023256,0.20663415598251092,1.0,0.05,0.009999999999999998,0.05,0.0,0.0
-2.7207016747045367,-2.0372536033038693,-3.141592653589793,0.9395348837209303,0.2056187485796027,1.0,0.05,0.009999999999999998,0.05,0.0,0.0
-2.721463775186809,-2.0374888195021015,-3.141592653589793,0.930232558139535,0.20459830184114206,1.0,0.05,0.009999999999999998,0.05,0.0,0.0
-2.722225875669081,-2.0377240357003337,-3.141592653589793,0.9209302325581397,0.20357273998528458,1.0,0.05,0.009999999999999998,0.05,0.0,0.0
-2.7229879761513534,-2.037959251898566,-3.141592653589793,0.9116279069767442,0.20254198531157308,1.0,0.05,0.009999999999999998,0.05,0.0,0.0
-2.723750076633625,-2.038194468096798,-3.141592653589793,0.902325996384584,0.20150600446960948,1.0,0.05,0.009999999999999998,0.05,0.0,0.0
-2.7245121771158973,-2.0384296842950302,-3.141592653589793,0.89302557504606,0.20046483700906925,1.0,0.05,0.009999999999999998,0.05,0.0,0.0
-2.7252742775981695,-2.0386649004932624,-3.141592653589793,0.8837299361038691,0.19941877325034899,1.0,0.05,0.009999999999999998,0.05,0.0,0.0
-2.7260363780804417,-2.0389001166914946,-3.141592653589793,0.8744480397177565,0.1983687520435087,1.0,0.05,0.009999999999999998,0.05,0.0,0.0
-2.726798478562714,-2.039135332889727,-3.141592653589793,0.8652014807264373,0.1973171726755927,1.0,0.05,0.009999999999999998,0.05,0.0,0.0
-2.727560579044986,-2.039370549087959,-3.141592653589793,0.8560362322285849,0.1962692804549054,1.0,0.05,0.009999999999999998,0.05,0.0,0.0
-2.7283226795272584,-2.0396057652861908,-3.141592653589793,0.8470384023371594,0.19523505859648305,1.0,0.05,0.009999999999999998,0.05,0.0,0.0
-2.7290847800095306,-2.039840981484423,-3.141592653589793,0.8383490374542999,0.1942310651915483,1.0,0.05,0.009999999999999998,0.05,0.0,0.0
-2.729846880491803,-2.040076197682655,-3.141592653589793,0.8301682453923304,0.19328106747080756,1.0,0.05,0.009999999999999998,0.05,0.0,0.0
-2.730608980974075,-2.0403114138808873,-3.141592653589793,0.8227377714689541,0.1924141359570625,1.0,0.05,0.009999999999999998,0.05,0.0,0.0
-2.731371081456347,-2.0405466300791195,-3.141592653589793,0.81629786214118,0.19165960397630247,1.0,0.05,0.009999999999999998,0.05,0.0,0.0
-2.7321331819386194,-2.0407818462773517,-3.141592653589793,0.811028166613037,0.1910399630904138,1.0,0.05,0.009999999999999998,0.05,0.0,0.0
-2.7328952824208916,-2.041017062475584,-3.141592653589793,0.8069955365597848,0.19056442255885622,1.0,0.05,0.009999999999999998,0.05,0.0,0.0
-2.7328952824208916,-2.041017062475584,-3.141592653589793,0.8041331203061635,0.19022615596646364,1.0,0.05,0.009999999999999998,0.05,0.0,0.0
-2.7387446146549297,-2.042946509882918,-3.141592653589793,0.8022612686481443,0.19000462386259576,1.0,0.05,0.009999999999999998,0.05,0.0,0.0
-2.7445890737990757,-2.045119249211028,-3.141592653589793,0.8011397351287186,0.18987176746634118,1.0,0.05,0.009999999999999998,0.05,0.0,0.0
-2.7504237867634376,-2.0475286765039735,-3.141592653589793,0.8005267744301827,0.18979911709319994,1.0,0.05,0.009999999999999998,0.05,0.0,0.0
-2.7562438804581224,-2.050168187805811,-3.141592653589793,0.8002222787402129,0.18976301679544827,1.0,0.05,0.009999999999999998,0.05,0.0,0.0
-2.7620444817932377,-2.0530311791606013,-3.141592653589793,0.8000852016566699,0.18974676301468266,1.0,0.05,0.009999999999999998,0.05,0.0,0.0
-2.767820717678891,-2.0561110466124015,-3.141592653589793,0.8000294350665936,0.18974015014750228,1.0,0.05,0.009999999999999998,0.05,0.0,0.0
-2.7735677150251923,-2.0594011862052706,-3.141592653589793,0.800009005871311,0.18973772757205928,1.0,0.05,0.009999999999999998,0.05,0.0,0.0
-2.779280600742246,-2.0628949939832655,-3.141592653589793,0.8000023192321064,0.1897369346369989,1.0,0.05,0.009999999999999998,0.05,0.0,0.0
-2.7849545017401622,-2.066585865990446,-3.141592653589793,0.8000004149892351,0.1897367088217659,1.0,0.05,0.009999999999999998,0.05,0.0,0.0
-2.790584544929047,-2.07046719827087,-3.141592653589793,0.8,0.18973665961010275,1.0,0.05,0.009999999999999998,0.05,0.0,0.0
-2.7961658572190102,-2.0745323868685963,-3.141592653589793,0.8,0.18973665961010275,1.0,0.05,0.009999999999999998,0.05,0.0,0.0
-2.801693565520157,-2.078774827827683,-3.141592653589793,0.8,0.18973665961010275,1.0,0.05,0.009999999999999998,0.05,0.0,0.0
-2.807162796742598,-2.0831879171921885,-3.141592653589793,0.8,0.18973665961010275,1.0,0.05,0.009999999999999998,0.05,0.0,0.0
-2.8125686777964383,-2.0877650510061714,-3.141592653589793,0.8,0.18973665961010275,1.0,0.05,0.009999999999999998,0.05,0.0,0.0
-2.817906335591787,-2.09249962531369,-3.141592653589793,0.8,0.18973665961010275,1.0,0.05,0.009999999999999998,0.05,0.0,0.0
-2.823170897038751,-2.0973850361588027,-3.141592653589793,0.8,0.18973665961010275,1.0,0.05,0.009999999999999998,0.05,0.0,0.0
-2.828357489047439,-2.102414679585567,-3.141592653589793,0.8,0.18973665961010275,1.0,0.05,0.009999999999999998,0.05,0.0,0.0
-2.8334612385279576,-2.1075819516380427,-3.141592653589793,0.8,0.18973665961010275,1.0,0.05,0.009999999999999998,0.05,0.0,0.0
-2.8384772723904153,-2.112880248360288,-3.141592653589793,0.8,0.18973665961010275,1.0,0.05,0.009999999999999998,0.05,0.0,0.0
-2.8434007175449185,-2.1183029657963597,-3.141592653589793,0.8,0.18973665961010275,1.0,0.05,0.009999999999999998,0.05,0.0,0.0
-2.848226700901578,-2.123843499990319,-3.141592653589793,0.8,0.18973665961010275,1.0,0.05,0.009999999999999998,0.05,0.0,0.0
-2.8529503493704986,-2.129495246986222,-3.141592653589793,0.8,0.18973665961010275,1.0,0.05,0.009999999999999998,0.05,0.0,0.0
-2.8575667898617887,-2.135251602828128,-3.141592653589793,0.8,0.18973665961010275,1.0,0.05,0.009999999999999998,0.05,0.0,0.0
-2.862071149285557,-2.1411059635600953,-3.141592653589793,0.8,0.18973665961010275,1.0,0.05,0.009999999999999998,0.05,0.0,0.0
-2.86645855455191,-2.1470517252261816,-3.141592653589793,0.8,0.18973665961010275,1.0,0.05,0.009999999999999998,0.05,0.0,0.0
-2.8707241325709556,-2.1530822838704466,-3.141592653589793,0.8,0.18973665961010275,1.0,0.05,0.009999999999999998,0.05,0.0,0.0
-2.874863010252803,-2.1591910355369484,-3.141592653589793,0.8,0.18973665961010275,1.0,0.05,0.009999999999999998,0.05,0.0,0.0
-2.878870314507558,-2.1653713762697446,-3.141592653589793,0.8,0.18973665961010275,1.0,0.05,0.009999999999999998,0.05,0.0,0.0
-2.8827411722453284,-2.171616702112894,-3.141592653589793,0.8,0.18973665961010275,1.0,0.05,0.009999999999999998,0.05,0.0,0.0
-2.8864707103762233,-2.177920409110455,-3.141592653589793,0.8,0.18973665961010275,1.0,0.05,0.009999999999999998,0.05,0.0,0.0
-2.89005405581035,-2.184275893306486,-3.141592653589793,0.8,0.18973665961010275,1.0,0.05,0.009999999999999998,0.05,0.0,0.0
-2.8934863354578146,-2.1906765507450454,-3.141592653589793,0.8,0.18973665961010275,1.0,0.05,0.009999999999999998,0.05,0.0,0.0
-2.896762676228727,-2.197115777470192,-3.141592653589793,0.8,0.18973665961010275,1.0,0.05,0.009999999999999998,0.05,0.0,0.0
-2.8998782050331937,-2.2035869695259835,-3.141592653589793,0.8,0.18973665961010275,1.0,0.05,0.009999999999999998,0.05,0.0,0.0
-2.9028280487813234,-2.210083522956479,-3.141592653589793,0.8,0.18973665961010275,1.0,0.05,0.009999999999999998,0.05,0.0,0.0
-2.9056073343832227,-2.2165988338057363,-3.141592653589793,0.8,0.18973665961010275,1.0,0.05,0.009999999999999998,0.05,0.0,0.0
-2.9082111887489996,-2.223126298117814,-3.141592653589793,0.8,0.18973665961010275,1.0,0.05,0.009999999999999998,0.05,0.0,0.0
-2.910634738788762,-2.2296593119367705,-3.141592653589793,0.7999995455622947,0.18973660572041248,1.0,0.05,0.009999999999999998,0.05,0.0,0.0
-2.912873111412618,-2.2361912713066645,-3.141592653589793,0.7999974601220341,0.18973635841738803,1.0,0.05,0.009999999999999998,0.05,0.0,0.0
-2.914921433530675,-2.242715572271554,-3.141592653589793,0.7999901366581461,0.18973548995803755,1.0,0.05,0.009999999999999998,0.05,0.0,0.0
-2.91677483205304,-2.2492256108754978,-3.141592653589793,0.7999677603311938,0.18973283641716768,1.0,0.05,0.009999999999999998,0.05,0.0,0.0
-2.9184284338898223,-2.2557147831625537,-3.141592653589793,0.7999066745436771,0.1897255922496105,1.0,0.05,0.009999999999999998,0.05,0.0,0.0
-2.9198773659511277,-2.2621764851767807,-3.141592653589793,0.7997565115262901,0.1897077832316931,1.0,0.05,0.009999999999999998,0.05,0.0,0.0
-2.921116755147065,-2.2686041129622367,-3.141592653589793,0.7994229175189697,0.1896682137005398,1.0,0.05,0.009999999999999998,0.05,0.0,0.0
-2.9221417283877424,-2.2749910625629806,-3.141592653589793,0.7987513043434443,0.18958852469349244,1.0,0.05,0.009999999999999998,0.05,0.0,0.0
-2.922947412583267,-2.2813307300230705,-3.141592653589793,0.7975222720218419,0.18944260935962343,1.0,0.05,0.009999999999999998,0.05,0.0,0.0
-2.9235289346437456,-2.287616511386565,-3.141592653589793,0.7954706002718539,0.18919877645543437,1.0,0.05,0.009999999999999998,0.05,0.0,0.0
-2.9238814214792876,-2.293841802697522,-3.141592653589793,0.7923323775879735,0.18882520221479657,1.0,0.05,0.009999999999999998,0.05,0.0,0.0
-2.924,-2.3000000000000003,-3.141592653589793,0.7879096091165081,0.18829745725910071,1.0,0.05,0.009999999999999998,0.05,0.0,0.0
-2.924,-2.3000000000000003,-3.141592653589793,0.7821272956157204,0.18760524593600097,1.0,0.05,0.009999999999999998,0.05,0.0,0.0
-2.924,-2.3040816326530615,-3.141592653589793,0.7750562906231272,0.18675527590416482,1.0,0.05,0.009999999999999998,0.05,0.0,0.0
-2.924,-2.308163265306123,-3.141592653589793,0.7668904278766049,0.1857688597543927,1.0,0.05,0.009999999999999998,0.05,0.0,0.0
-2.924,-2.312244897959184,-3.141592653589793,0.7578894267806303,0.1846754564232301,1.0,0.05,0.009999999999999998,0.05,0.0,0.0
-2.924,-2.3163265306122454,-3.141592653589793,0.7483142686301998,0.18350515548168936,1.0,0.05,0.009999999999999998,0.05,0.0,0.0
-2.924,-2.320408163265306,-3.141592653589793,0.7383800511287231,0.18228302801081767,1.0,0.05,0.009999999999999998,0.05,0.0,0.0
-2.924,-2.3244897959183675,-3.141592653589793,0.728236979809131,0.1810266944166271,1.0,0.05,0.009999999999999998,0.05,0.0,0.0
-2.924,-2.3285714285714287,-3.141592653589793,0.71797492745077,0.17974668768932753,1.0,0.05,0.009999999999999998,0.05,0.0,0.0
-2.924,-2.33265306122449,-3.141592653589793,0.7076396634440977,0.1784482694087684,1.0,0.05,0.009999999999999998,0.05,0.0,0.0
-2.924,-2.3367346938775513,-3.141592653589793,0.6972501082061036,0.1771334380326726,1.0,0.05,0.009999999999999998,0.05,0.0,0.0
-2.924,-2.3408163265306126,-3.141592653589793,0.6868111805757603,0.17580245483470705,1.0,0.05,0.009999999999999998,0.05,0.0,0.0
-2.924,-2.344897959183674,-3.141592653589793,0.6763214078074941,0.1744547601853765,1.0,0.05,0.009999999999999998,0.05,0.0,0.0
-2.924,-2.348979591836735,-3.141592653589793,0.6657766766974114,0.1730894290573041,1.0,0.05,0.009999999999999998,0.05,0.0,0.0
-2.924,-2.353061224489796,-3.141592653589793,0.655171912964917,0.17170537581398337,1.0,0.05,0.009999999999999998,0.05,0.0,0.0
-2.924,-2.357142857142857,-3.141592653589793,0.6445013167868505,0.17030137772610143,1.0,0.05,0.009999999999999998,0.05,0.0,0.0
-2.924,-2.3612244897959185,-3.141592653589793,0.633758781283341,0.16887612370536678,1.0,0.05,0.009999999999999998,0.05,0.0,0.0
-2.924,-2.3653061224489798,-3.141592653589793,0.6229378520655281,0.16742820354691967,1.0,0.05,0.009999999999999998,0.05,0.0,0.0
-2.924,-2.369387755102041,-3.141592653589793,0.612031681434746,0.165956095593273,1.0,0.05,0.009999999999999998,0.05,0.0,0.0
-2.924,-2.3734693877551023,-3.141592653589793,0.6010329762033324,0.16445815251652912,1.0,0.05,0.009999999999999998,0.05,0.0,0.0
-2.924,-2.3775510204081636,-3.141592653589793,0.5899339378767242,0.16293258484555073,1.0,0.05,0.009999999999999998,0.05,0.0,0.0
-2.924,-2.381632653061225,-3.141592653589793,0.5787261936418511,0.16137744177512328,1.0,0.05,0.009999999999999998,0.05,0.0,0.0
-2.924,-2.3857142857142857,-3.141592653589793,0.5674007162269719,0.15979058867847548,1.0,0.05,0.009999999999999998,0.05,0.0,0.0
-2.924,-2.389795918367347,-3.141592653589793,0.5559477302037024,0.1581696805938692,1.0,0.05,0.009999999999999998,0.05,0.0,0.0
-2.924,-2.3938775510204082,-3.141592653589793,0.5443566016517749,0.15651213075774628,1.0,0.05,0.009999999999999998,0.05,0.0,0.0
-2.924,-2.3979591836734695,-3.141592653589793,0.5326157072419733,0.1548150729931966,1.0,0.05,0.009999999999999998,0.05,0.0,0.0
-2.924,-2.4020408163265308,-3.141592653589793,0.5207122776268096,0.15307531640733732,1.0,0.05,0.009999999999999998,0.05,0.0,0.0
-2.924,-2.406122448979592,-3.141592653589793,0.5086322084345672,0.1512892903663558,1.0,0.05,0.009999999999999998,0.05,0.0,0.0
-2.924,-2.4102040816326533,-3.141592653589793,0.49635982994768435,0.1494529770451087,1.0,0.05,0.009999999999999998,0.05,0.0,0.0
-2.924,-2.4142857142857146,-3.141592653589793,0.4838776234124228,0.14756182790125305,1.0,0.05,0.009999999999999998,0.05,0.0,0.0
-2.924,-2.4183673469387754,-3.141592653589793,0.4711658673969875,0.1456106590633544,1.0,0.05,0.009999999999999998,0.05,0.0,0.0
-2.924,-2.4224489795918367,-3.141592653589793,0.4582021909041222,0.14359351862352804,1.0,0.05,0.009999999999999998,0.05,0.0,0.0
-2.924,-2.426530612244898,-3.141592653589793,0.4449609997018632,0.141503515809975,1.0,0.05,0.009999999999999998,0.05,0.0,0.0
-2.924,-2.4306122448979592,-3.141592653589793,0.431412726119592,0.1393325973180061,1.0,0.05,0.009999999999999998,0.05,0.0,0.0
-2.924,-2.4346938775510205,-3.141592653589793,0.4175228256254354,0.1370712484554824,1.0,0.05,0.009999999999999998,0.05,0.0,0.0
-2.924,-2.438775510204082,-3.141592653589793,0.40325039567884907,0.13470808366816078,1.0,0.05,0.009999999999999998,0.05,0.0,0.0
-2.924,-2.442857142857143,-3.141592653589793,0.38854619784082284,0.13222926643839866,1.0,0.05,0.009999999999999998,0.05,0.0,0.0
-2.924,-2.4469387755102043,-3.141592653589793,0.37334963121859394,0.12961764310786061,1.0,0.05,0.009999999999999998,0.05,0.0,0.0
-2.924,-2.451020408163265,-3.141592653589793,0.35758198257809937,0.12685105130039115,1.0,0.05,0.009999999999999998,0.05,0.0,0.0
-2.924,-2.4551020408163264,-3.141592653589793,0.3411427974114556,0.12390087119756463,1.0,0.05,0.009999999999999998,0.05,0.0,0.0
-2.924,-2.4591836734693877,-3.141592653589793,0.32389777193758335,0.12072862020743569,1.0,0.05,0.009999999999999998,0.05,0.0,0.0
-2.924,-2.463265306122449,-3.141592653589793,0.30566169224250056,0.11728075780328384,1.0,0.05,0.009999999999999998,0.05,0.0,0.0
-2.924,-2.4673469387755103,-3.141592653589793,0.286194085801649,0.11348450934411358,1.0,0.05,0.009999999999999998,0.05,0.0,0.0
-2.924,-2.4714285714285715,-3.141592653589793,0.2652204425456016,0.10924705906591753,1.0,0.05,0.009999999999999998,0.05,0.0,0.0
-2.924,-2.475510204081633,-3.141592653589793,0.24252015163707974,0.1044672523983884,1.0,0.05,0.009999999999999998,0.05,0.0,0.0
-2.924,-2.479591836734694,-3.141592653589793,0.21811680528906757,0.09907197503839338,1.0,0.05,0.009999999999999998,0.05,0.0,0.0
-2.924,-2.483673469387755,-3.141592653589793,0.1925633173250228,0.09308785785281572,1.0,0.05,0.009999999999999998,0.05,0.0,0.0
-2.924,-2.487755102040816,-3.141592653589793,0.16722166345176617,0.08674661293289483,1.0,0.05,0.009999999999999998,0.05,0.0,0.0
-2.924,-2.4918367346938775,-3.141592653589793,0.1443428018757749,0.08059420627073555,1.0,0.05,0.009999999999999998,0.05,0.0,0.0
-2.924,-2.4959183673469387,-3.141592653589793,0.12675487430643115,0.07552462739920933,1.0,0.05,0.009999999999999998,0.05,0.0,0.0
-2.924,-2.5,-3.141592653589793,0.1171378362951155,0.07260304837457031,1.0,0.05,0.009999999999999998,0.05,0.0,0.0
